{"train/box_loss": 0.0, "train/pose_loss": 0.0, "train/kobj_loss": 0.0, "train/cls_loss": 15.17086, "train/dfl_loss": 0.0, "_timestamp": 1712673807.1297255, "lr/pg0": 0.00054991612536, "lr/pg1": 0.00054991612536, "lr/pg2": 0.00054991612536, "metrics/precision(B)": 0.00024, "metrics/recall(B)": 0.0283, "metrics/mAP50(B)": 0.00013, "metrics/mAP50-95(B)": 3e-05, "metrics/precision(P)": 3e-05, "metrics/recall(P)": 0.00318, "metrics/mAP50(P)": 1e-05, "metrics/mAP50-95(P)": 0.0, "val/box_loss": 2.90922, "val/pose_loss": 6.24385, "val/kobj_loss": 0.0, "val/cls_loss": 5.35722, "val/dfl_loss": 3.01415, "train_batch0": {"_type": "image-file", "sha256": "9be99dd8b50476f262a3edbf18ca89496503066911b3cf9493da3d6f56c83373", "size": 226255, "path": "media/images/train_batch0_1_9be99dd8b50476f262a3.jpg", "format": "jpg", "width": 1920, "height": 1920}, "model/parameters": 3083559, "model/GFLOPs": 8.446, "model/speed_PyTorch(ms)": 2.028, "_runtime": 142.09795141220093, "_step": 43, "train_batch1": {"_type": "image-file", "sha256": "b36602cc6154ff49a87894667d5e53d01406a0c9fd96173f84d8e8f511479765", "size": 251749, "path": "media/images/train_batch1_2_b36602cc6154ff49a878.jpg", "format": "jpg", "width": 1920, "height": 1920}, "train_batch2": {"_type": "image-file", "sha256": "d1d07cf7a963979dc1fa40bb6d74b83a455f7292aeb53248f8adfbef17582ba3", "size": 255390, "path": "media/images/train_batch2_3_d1d07cf7a963979dc1fa.jpg", "format": "jpg", "width": 1920, "height": 1920}, "_wandb": {"runtime": 138}}