{"train/box_loss": 0.0, "train/pose_loss": 0.0, "train/kobj_loss": 0.0, "train/cls_loss": 52.58528, "train/dfl_loss": 0.0, "_timestamp": 1712846013.5150194, "lr/pg0": 4.2613551659999996e-05, "lr/pg1": 4.2613551659999996e-05, "lr/pg2": 4.2613551659999996e-05, "metrics/precision(B)": 0.0, "metrics/recall(B)": 0.0, "metrics/mAP50(B)": 0.0, "metrics/mAP50-95(B)": 0.0, "metrics/precision(P)": 0.0, "metrics/recall(P)": 0.0, "metrics/mAP50(P)": 0.0, "metrics/mAP50-95(P)": 0.0, "val/box_loss": 0.0, "val/pose_loss": 0.0, "val/kobj_loss": 0.0, "val/cls_loss": 10.89062, "val/dfl_loss": 0.0, "train_batch0": {"_type": "image-file", "sha256": "c2ad8e6c0360b050e8acb1341200959312a0f7dcbd7c2e9e6b4392fab8556394", "size": 235846, "path": "media/images/train_batch0_1_c2ad8e6c0360b050e8ac.jpg", "format": "jpg", "width": 1920, "height": 1920}, "model/parameters": 3083559, "model/GFLOPs": 8.446, "model/speed_PyTorch(ms)": 67.502, "_runtime": 7.974339485168457, "_step": 4, "train_batch1": {"_type": "image-file", "sha256": "4d30fc4d2469714deec6bf9b21f6d43fb8afd4e1a23d3601a7df07fa5cce7943", "size": 247285, "path": "media/images/train_batch1_2_4d30fc4d2469714deec6.jpg", "format": "jpg", "width": 1920, "height": 1920}, "train_batch2": {"_type": "image-file", "sha256": "806173e9f8193f17b14d97e799f586834c7c7ba4c105736cca6badca8de0d26b", "size": 254176, "path": "media/images/train_batch2_3_806173e9f8193f17b14d.jpg", "format": "jpg", "width": 1920, "height": 1920}, "_wandb": {"runtime": 7}}