{"train/box_loss": 0.0, "train/pose_loss": 0.0, "train/kobj_loss": 0.0, "train/cls_loss": 52.24859, "train/dfl_loss": 0.0, "_timestamp": 1712767321.185989, "lr/pg0": 0.00011249636735999999, "lr/pg1": 0.00011249636735999999, "lr/pg2": 0.00011249636735999999, "metrics/precision(B)": 0.0, "metrics/recall(B)": 0.0, "metrics/mAP50(B)": 0.0, "metrics/mAP50-95(B)": 0.0, "metrics/precision(P)": 0.0, "metrics/recall(P)": 0.0, "metrics/mAP50(P)": 0.0, "metrics/mAP50-95(P)": 0.0, "val/box_loss": 0.0, "val/pose_loss": 0.0, "val/kobj_loss": 0.0, "val/cls_loss": 11.3125, "val/dfl_loss": 0.0, "train_batch0": {"_type": "image-file", "sha256": "e4dc0532f643cd7a427720848c74e6f0694130b40a12deaf47225353db8f6826", "size": 235826, "path": "media/images/train_batch0_1_e4dc0532f643cd7a4277.jpg", "format": "jpg", "width": 1920, "height": 1920}, "model/parameters": 3083559, "model/GFLOPs": 8.446, "model/speed_PyTorch(ms)": 67.002, "_runtime": 7.579252004623413, "_step": 9, "train_batch1": {"_type": "image-file", "sha256": "70dc8aa882b5d98dca1d9979ac7d51a465dc833eba1e0d80d8c0f03a4aef9da0", "size": 247507, "path": "media/images/train_batch1_2_70dc8aa882b5d98dca1d.jpg", "format": "jpg", "width": 1920, "height": 1920}, "train_batch2": {"_type": "image-file", "sha256": "e37fc24bb1c2c1f43a196039232f6cac2c8ba15c05c491f4506408ed36078c1a", "size": 254169, "path": "media/images/train_batch2_3_e37fc24bb1c2c1f43a19.jpg", "format": "jpg", "width": 1920, "height": 1920}, "_wandb": {"runtime": 6}}