{"train/box_loss": 1.44444, "train/pose_loss": 7.61482, "train/kobj_loss": 0.0, "train/cls_loss": 52.95749, "train/dfl_loss": 0.64781, "_timestamp": 1712845801.863779, "lr/pg0": 5.670409184e-05, "lr/pg1": 5.670409184e-05, "lr/pg2": 5.670409184e-05, "metrics/precision(B)": 0.0, "metrics/recall(B)": 0.0, "metrics/mAP50(B)": 0.0, "metrics/mAP50-95(B)": 0.0, "metrics/precision(P)": 0.0, "metrics/recall(P)": 0.0, "metrics/mAP50(P)": 0.0, "metrics/mAP50-95(P)": 0.0, "val/box_loss": 0.38528, "val/pose_loss": 7.31459, "val/kobj_loss": 0.0, "val/cls_loss": 31.70312, "val/dfl_loss": 0.30957, "labels": {"_type": "image-file", "sha256": "438aae81b3c69c1559407ecc7fb58ba07b6fb05723066d1b6678af7716e5f4bb", "size": 77605, "path": "media/images/labels_1_438aae81b3c69c155940.jpg", "format": "jpg", "width": 1600, "height": 1600}, "train_batch0": {"_type": "image-file", "sha256": "4c7f98d059b607f94d15d85db018c15d31223017900ee899cbc0e260ad18de05", "size": 209167, "path": "media/images/train_batch0_1_4c7f98d059b607f94d15.jpg", "format": "jpg", "width": 1920, "height": 1920}, "model/parameters": 3083559, "model/GFLOPs": 8.446, "model/speed_PyTorch(ms)": 25.619, "_runtime": 9.114739179611206, "_step": 5, "train_batch1": {"_type": "image-file", "sha256": "e28806f274357e23c8fab3e2a9bb9db34d6d828c00b36399d0f38171d9a1bfb5", "size": 226772, "path": "media/images/train_batch1_3_e28806f274357e23c8fa.jpg", "format": "jpg", "width": 1920, "height": 1920}, "train_batch2": {"_type": "image-file", "sha256": "9777035933145179955111340a6248a2866cae5627dcac4f2d0d01d77379021e", "size": 211701, "path": "media/images/train_batch2_3_97770359331451799551.jpg", "format": "jpg", "width": 1920, "height": 1920}, "_wandb": {"runtime": 7}}