{"_wandb": {"runtime": 7}, "train/box_loss": 2.26216, "train/cls_loss": 4.49773, "train/dfl_loss": 2.08933, "_timestamp": 1712041040.8298452, "lr/pg0": 5.0010000000000004e-05, "lr/pg1": 5.0010000000000004e-05, "lr/pg2": 5.0010000000000004e-05, "_runtime": 10.43107008934021, "_step": 1}