{"best/epoch": 49, "best/precision": 0.0009839291571006887, "best/recall": 1.0, "best/mAP_0.5": 0.1297826086956522, "best/mAP_0.5:0.95": 0.08582680477417674, "Labels": {"_type": "images/separated", "width": 2000, "height": 2000, "format": "jpg", "count": 2, "filenames": ["media/images/Labels_0_7c7f98cd8f40d0e74b94.jpg", "media/images/Labels_0_62c78fad314066b683e5.jpg"], "captions": ["labels_correlogram.jpg", "labels.jpg"]}, "train/box_loss": 0.03813714534044266, "train/obj_loss": 0.012771258130669594, "train/cls_loss": 0.009421647526323795, "metrics/precision": 0.000982640026203734, "metrics/recall": 1.0, "metrics/mAP_0.5": 0.1297826086956522, "metrics/mAP_0.5:0.95": 0.08811614803946236, "val/box_loss": 0.031643182039260864, "val/obj_loss": 0.005067586898803711, "val/cls_loss": 0.005425644107162952, "x/lr0": 0.0012950200000000078, "x/lr1": 0.0002950200000000002, "x/lr2": 0.0002950200000000002, "_timestamp": 1700902991.5688095, "_runtime": 76.25999855995178, "_step": 50, "Mosaics": {"_type": "images/separated", "width": 1920, "height": 1920, "format": "jpg", "count": 3, "filenames": ["media/images/Mosaics_5_fc7e1102b54ffd485d31.jpg", "media/images/Mosaics_5_87667fa2830df6061bde.jpg", "media/images/Mosaics_5_9cdb8a68833d31ae8ae6.jpg"], "captions": ["train_batch0.jpg", "train_batch1.jpg", "train_batch2.jpg"]}, "Validation": {"_type": "images/separated", "width": 1920, "height": 1920, "format": "jpg", "count": 2, "filenames": ["media/images/Validation_50_102f43052ecec3eb7a72.jpg", "media/images/Validation_50_014873f1dcd53eeebb31.jpg"], "captions": ["val_batch0_labels.jpg", "val_batch0_pred.jpg"]}, "Results": {"_type": "images/separated", "width": 2400, "height": 1200, "format": "png", "count": 6, "filenames": ["media/images/Results_50_9fbec6d69537816eaee6.png", "media/images/Results_50_b0ce744653745ac797e4.png", "media/images/Results_50_35c58f26994464cf0c75.png", "media/images/Results_50_f65cd26a5b415340a7d0.png", "media/images/Results_50_e479c817270598e2ef22.png", "media/images/Results_50_d84421683e78a23efca8.png"], "captions": ["results.png", "confusion_matrix.png", "F1_curve.png", "PR_curve.png", "P_curve.png", "R_curve.png"]}, "_wandb": {"runtime": 60}}