{"train/box_loss": 0.93485, "train/pose_loss": 0.37702, "train/kobj_loss": 0.0, "train/cls_loss": 0.5632, "train/dfl_loss": 1.04224, "_timestamp": 1712388580.339748, "lr/pg0": 0.00106868036, "lr/pg1": 0.00106868036, "lr/pg2": 0.00106868036, "metrics/precision(B)": 0.96203, "metrics/recall(B)": 0.97348, "metrics/mAP50(B)": 0.98851, "metrics/mAP50-95(B)": 0.76735, "metrics/precision(P)": 0.94509, "metrics/recall(P)": 0.95707, "metrics/mAP50(P)": 0.95951, "metrics/mAP50-95(P)": 0.94464, "val/box_loss": 0.82885, "val/pose_loss": 0.24465, "val/kobj_loss": 0.0, "val/cls_loss": 0.42637, "val/dfl_loss": 0.96744, "labels": {"_type": "image-file", "sha256": "298de9a05afffe7a37310e975e095f93bdbb07588a0c295e64b81fc63983f132", "size": 179372, "path": "media/images/labels_1_298de9a05afffe7a3731.jpg", "format": "jpg", "width": 1600, "height": 1600}, "train_batch0": {"_type": "image-file", "sha256": "e9c4dea6e76abb8f5edaffec053ca047428097582dcb3b4af10c459c4f2085f1", "size": 374486, "path": "media/images/train_batch0_1_e9c4dea6e76abb8f5eda.jpg", "format": "jpg", "width": 1920, "height": 1920}, "train_batch1": {"_type": "image-file", "sha256": "7a1332adb4e83a5b2378323697ba01586a0310759401e0f829758692d1b575f7", "size": 411550, "path": "media/images/train_batch1_1_7a1332adb4e83a5b2378.jpg", "format": "jpg", "width": 1920, "height": 1920}, "train_batch2": {"_type": "image-file", "sha256": "b0db14c1c544aec96f89986392942550e45a44bd97384b3cce5bccabb70c733e", "size": 422664, "path": "media/images/train_batch2_1_b0db14c1c544aec96f89.jpg", "format": "jpg", "width": 1920, "height": 1920}, "model/parameters": 3083262, "model/GFLOPs": 8.445, "model/speed_PyTorch(ms)": 1.766, "_runtime": 580.4204368591309, "_step": 20, "_wandb": {"runtime": 580}}