{"train/box_loss": 0.4288, "train/pose_loss": 0.16176, "train/kobj_loss": 0.0, "train/cls_loss": 0.30174, "train/dfl_loss": 0.82215, "_timestamp": 1712846817.734386, "lr/pg0": 0.0004317009, "lr/pg1": 0.0004317009, "lr/pg2": 0.0004317009, "metrics/precision(B)": 0.97635, "metrics/recall(B)": 0.99337, "metrics/mAP50(B)": 0.99351, "metrics/mAP50-95(B)": 0.90548, "metrics/precision(P)": 0.97635, "metrics/recall(P)": 0.99337, "metrics/mAP50(P)": 0.99351, "metrics/mAP50-95(P)": 0.99313, "val/box_loss": 0.37359, "val/pose_loss": 0.05734, "val/kobj_loss": 0.0, "val/cls_loss": 0.26955, "val/dfl_loss": 0.79405, "labels": {"_type": "image-file", "sha256": "d97cdbfdf4b6c2a26cdb39a5fa9f1ce0d727aedb384f0e26381bf6bf1567c2b5", "size": 120576, "path": "media/images/labels_1_d97cdbfdf4b6c2a26cdb.jpg", "format": "jpg", "width": 1600, "height": 1600}, "train_batch0": {"_type": "image-file", "sha256": "b3755b20594fad12bcf657342852d9086282e151606cc0088863c4311eca084c", "size": 374085, "path": "media/images/train_batch0_1_b3755b20594fad12bcf6.jpg", "format": "jpg", "width": 1920, "height": 1920}, "train_batch1": {"_type": "image-file", "sha256": "bde2c26a313c8cbc15cf763963cd9e3350542bd3f97f7e7670ed8863b6420cc0", "size": 368809, "path": "media/images/train_batch1_1_bde2c26a313c8cbc15cf.jpg", "format": "jpg", "width": 1920, "height": 1920}, "train_batch2": {"_type": "image-file", "sha256": "c4810a32d5e6250761586ff4513a567a0b0a40735afa48ef8bd4c005cadabd84", "size": 364890, "path": "media/images/train_batch2_1_c4810a32d5e625076158.jpg", "format": "jpg", "width": 1920, "height": 1920}, "model/parameters": 3083559, "model/GFLOPs": 8.446, "model/speed_PyTorch(ms)": 2.147, "_runtime": 606.3761260509491, "_step": 36, "_wandb": {"runtime": 606}}